{
  "OxEnRa": {
    "median": 3.6613946326090394,
    "mean": 3.611695950640084,
    "std": 0.18530808335698556
  },
  "BlFuPeIn": {
    "median": 16.977674855,
    "mean": 13.26735831353461,
    "std": 7.149088777237356
  },
  "EnOxFl": {
    "median": 16956.434705,
    "mean": 16962.516564097186,
    "std": 2571.1499240395106
  },
  "CoBlFl": {
    "median": 33.608822555,
    "mean": 34.244420832364696,
    "std": 4.946387780976147
  },
  "BlMo": {
    "median": 150.7243675194073,
    "mean": 150.3202218335749,
    "std": 7.3017663878652375
  },
  "BlFuBoGaVo": {
    "median": 7956.379826839454,
    "mean": 7942.445715951751,
    "std": 92.61716036079622
  },
  "BlFuBoGaIn": {
    "median": 80.764972855,
    "mean": 80.61517240541436,
    "std": 0.9393096950453779
  },
  "ThCoTe": {
    "median": 2220.130926,
    "mean": 2218.3178942092195,
    "std": 29.360735908270744
  },
  "ToGaPr": {
    "median": 221.83908365000002,
    "mean": 173.99223168542238,
    "std": 100.37994811377169
  },
  "EnOxPr": {
    "median": 1.44936914,
    "mean": 1.423732291131814,
    "std": 0.18621732119231255
  },
  "CoBlPr": {
    "median": 0.439887478,
    "mean": 10154.737061432625,
    "std": 18721.002627853355
  },
  "ToPrDr": {
    "median": 196.45589145000002,
    "mean": 196.3244527665067,
    "std": 4.490234237388956
  },
  "HoBlPr": {
    "median": 0.419226795,
    "mean": 0.41908971148779284,
    "std": 0.004551005464534605
  },
  "AcBlVe": {
    "median": 270.1637414593335,
    "mean": 269.78515103839203,
    "std": 5.961749328315167
  },
  "CoBlTe": {
    "median": 214.1527634569374,
    "mean": 213.344843098106,
    "std": 4.379074875981552
  },
  "HoBlTe": {
    "median": 1092.5600385,
    "mean": 866.0914376899734,
    "std": 494.21505039499
  },
  "ToTe": {
    "median": 178.7238827,
    "mean": 147.725099743196,
    "std": 85.71429052193699
  },
  "BlHu": {
    "median": 13.858,
    "mean": 13.073615365730783,
    "std": 1.4577096573575008
  },
  "CoInSeVa": {
    "median": 45.981969115,
    "mean": 35.722356862416966,
    "std": 18.647432566585454
  },
  "FoSI": {
    "median": 0.463494303,
    "mean": 0.46558119535499404,
    "std": 0.08604874487450256
  },
  "HoBl": {
    "median": 1090.9978473154083,
    "mean": 866.2614985894326,
    "std": 494.3399643798333
  },
  "ToGasP": {
    "median": 220.94294917806235,
    "mean": 173.89168479292096,
    "std": 100.3336676607553
  },
  "CoBF": {
    "median": 33.59783394543699,
    "mean": 34.24543035679162,
    "std": 4.960647370559295
  }
}