OxEnRa,BlMo,ThCoTe,EnOxFl,CoInSeVa
0.486059680863965,18.48390491427176,2266.8360334382783,28859.27463297316,915.5513337339846
